{
  "mse": 45823221624.85198,
  "rmse": 214063.59247861832,
  "mae": 129089.70953733039,
  "r2": 0.6968896800256107,
  "mape": 25.411946735775498
}