{
  "mse": 8.285678760565652e+18,
  "rmse": 2878485497.716751,
  "mae": 2524558861.3115315,
  "r2": -0.001829772623750836,
  "mape": 438.1885242074277
}